{"text": "\u8a5e\u66f2 \u674e\u5b97\u76db\u5982\u679c\u547d\u88e1\u65e9\u6ce8\u5b9a\u5206\u624b\u7121\u9700\u70ba\u6211\u5047\u610f\u633d\u7559\u5982\u679c\u60c5\u7d72\u6c38\u6046\u4e0d\u7559\u600e\u6703\u5206\u624b\u4ee5\u5f8c\u8b93\u6211\u5df2\u5728\u6df1\u79cb\u56de\u61b6\u4e16\u53bb\u7684\u611b\u5728\u6df1\u79cb\u56de\u61b6\u5728\u8a18\u61b6\u4e2d\u7684\u6211\u4eca\u5929\u66fe\u6dda\u6d41\u60c5\u62ac\u982d\u62b9\u53bb\u820a\u4e8b\u4e0d\u5fc5\u6709\u6211\u4e0d\u5fc5\u6709\u4f60\u611b\u662f\u53ef\u767c\u4e0d\u53ef\u6536\u4f60\u662f\u53ef\u611b\u5230\u6c38\u9060\u6211\u662f\u771f\u5fc3\u5beb\u4e0d\u5f97\u4f60\u8d70\u6709\u4eba\u8b93\u4f60\u5df2\u5728\u6df1\u79cb\u56de\u61b6\u6ec5\u53bb\u7684\u6211\u518d\u6df1\u982d\u56de\u61b6\u5728\u9019\u4e00\u523b\u7684\u4f60\u4e5f\u66fe\u6dda\u6d41\u4ee5\u5f8c\u8b93\u6211\u5df2\u5728\u6df1\u79cb\u56de\u61b6\u4e16\u53bb\u7684\u611b\u5728\u6df1\u79cb\u56de\u61b6\u5728\u8a18\u61b6\u4e2d\u7684\u6211\u4eca\u5929\u66fe\u6dda\u6d41\u60c5\u62ac\u982d\u62b9\u53bb\u820a\u4e8b\u4e0d\u5fc5\u6709\u6211\u4e0d\u5fc5\u6709\u4f60\u611b\u662f\u53ef\u767c\u4e0d\u53ef\u6536\u4f60\u662f\u53ef\u611b\u5230\u6c38\u9060\u6211\u662f\u771f\u5fc3\u5beb\u4e0d\u5f97\u4f60\u8d70\u6709\u4eba\u8b93\u4f60\u5df2\u5728\u6df1\u79cb\u56de\u61b6\u6ec5\u53bb\u7684\u6211\u518d\u6df1\u982d\u56de\u61b6\u5728\u9019\u4e00\u523b\u7684\u4f60\u4e5f\u66fe\u6dda\u6d41\u8a5e\u66f2 \u674e\u5b97\u76db\u7de8\u66f2 \u674e\u5b97\u76db\u8a5e\u66f2 \u674e\u5b97\u76db\u8a5e\u66f2 \u674e\u5b97\u76db", "segments": [{"id": 0, "seek": 0, "start": 0.0, "end": 19.32, "text": "\u8a5e\u66f2 \u674e\u5b97\u76db", "tokens": [50364, 6716, 252, 30753, 220, 31206, 2415, 245, 5419, 249, 51330], "temperature": 0.6000000000000001, "avg_logprob": -0.7502869315769362, "compression_ratio": 0.7962962962962963, "no_speech_prob": 0.5576246976852417}, {"id": 1, "seek": 0, "start": 19.32, "end": 26.0, "text": "\u5982\u679c\u547d\u88e1\u65e9\u6ce8\u5b9a\u5206\u624b", "tokens": [51330, 13119, 25236, 11066, 21176, 26432, 12088, 6627, 11389, 51664], "temperature": 0.6000000000000001, "avg_logprob": -0.7502869315769362, "compression_ratio": 0.7962962962962963, "no_speech_prob": 0.5576246976852417}, {"id": 2, "seek": 2600, "start": 26.0, "end": 32.480000000000004, "text": "\u7121\u9700\u70ba\u6211\u5047\u610f\u633d\u7559", "tokens": [50364, 16976, 32535, 6344, 1654, 31706, 9042, 8501, 121, 24456, 50688], "temperature": 0.0, "avg_logprob": -0.43708357700081757, "compression_ratio": 0.9375, "no_speech_prob": 0.877874493598938}, {"id": 3, "seek": 2600, "start": 32.480000000000004, "end": 39.120000000000005, "text": "\u5982\u679c\u60c5\u7d72\u6c38\u6046\u4e0d\u7559", "tokens": [50688, 13119, 10570, 6948, 110, 42503, 11845, 228, 1960, 24456, 51020], "temperature": 0.0, "avg_logprob": -0.43708357700081757, "compression_ratio": 0.9375, "no_speech_prob": 0.877874493598938}, {"id": 4, "seek": 2600, "start": 39.120000000000005, "end": 45.84, "text": "\u600e\u6703\u5206\u624b", "tokens": [51020, 7627, 6236, 6627, 11389, 51356], "temperature": 0.0, "avg_logprob": -0.43708357700081757, "compression_ratio": 0.9375, "no_speech_prob": 0.877874493598938}, {"id": 5, "seek": 2600, "start": 45.84, "end": 55.24, "text": "\u4ee5\u5f8c\u8b93\u6211\u5df2\u5728\u6df1\u79cb\u56de\u61b6", "tokens": [51356, 3588, 5661, 21195, 1654, 15701, 3581, 24043, 40190, 8350, 29713, 114, 51826], "temperature": 0.0, "avg_logprob": -0.43708357700081757, "compression_ratio": 0.9375, "no_speech_prob": 0.877874493598938}, {"id": 6, "seek": 5524, "start": 55.24, "end": 61.88, "text": "\u4e16\u53bb\u7684\u611b\u5728\u6df1\u79cb\u56de\u61b6", "tokens": [50364, 17484, 6734, 1546, 15157, 3581, 24043, 40190, 8350, 29713, 114, 50696], "temperature": 0.0, "avg_logprob": -0.3037594386509487, "compression_ratio": 0.9489795918367347, "no_speech_prob": 0.001939902431331575}, {"id": 7, "seek": 5524, "start": 61.88, "end": 65.8, "text": "\u5728\u8a18\u61b6\u4e2d\u7684\u6211", "tokens": [50696, 3581, 16958, 29713, 114, 5975, 1546, 1654, 50892], "temperature": 0.0, "avg_logprob": -0.3037594386509487, "compression_ratio": 0.9489795918367347, "no_speech_prob": 0.001939902431331575}, {"id": 8, "seek": 5524, "start": 65.8, "end": 73.2, "text": "\u4eca\u5929\u66fe\u6dda\u6d41", "tokens": [50892, 6480, 6135, 43801, 14176, 248, 27854, 51262], "temperature": 0.0, "avg_logprob": -0.3037594386509487, "compression_ratio": 0.9489795918367347, "no_speech_prob": 0.001939902431331575}, {"id": 9, "seek": 5524, "start": 73.2, "end": 79.52000000000001, "text": "\u60c5\u62ac\u982d\u62b9\u53bb\u820a\u4e8b", "tokens": [51262, 10570, 7235, 105, 19921, 7235, 117, 6734, 10256, 232, 6973, 51578], "temperature": 0.0, "avg_logprob": -0.3037594386509487, "compression_ratio": 0.9489795918367347, "no_speech_prob": 0.001939902431331575}, {"id": 10, "seek": 5524, "start": 79.52000000000001, "end": 82.80000000000001, "text": "\u4e0d\u5fc5\u6709\u6211", "tokens": [51578, 1960, 28531, 2412, 1654, 51742], "temperature": 0.0, "avg_logprob": -0.3037594386509487, "compression_ratio": 0.9489795918367347, "no_speech_prob": 0.001939902431331575}, {"id": 11, "seek": 8280, "start": 82.8, "end": 86.48, "text": "\u4e0d\u5fc5\u6709\u4f60", "tokens": [50364, 1960, 28531, 2412, 2166, 50548], "temperature": 0.0, "avg_logprob": -0.33679080831593483, "compression_ratio": 1.0819672131147542, "no_speech_prob": 0.012184853665530682}, {"id": 12, "seek": 8280, "start": 86.48, "end": 89.84, "text": "\u611b\u662f\u53ef\u767c\u4e0d\u53ef\u6536", "tokens": [50548, 15157, 1541, 4429, 14637, 1960, 4429, 18681, 50716], "temperature": 0.0, "avg_logprob": -0.33679080831593483, "compression_ratio": 1.0819672131147542, "no_speech_prob": 0.012184853665530682}, {"id": 13, "seek": 8280, "start": 89.84, "end": 93.08, "text": "\u4f60\u662f\u53ef\u611b\u5230\u6c38\u9060", "tokens": [50716, 32526, 4429, 15157, 4511, 42503, 34489, 50878], "temperature": 0.0, "avg_logprob": -0.33679080831593483, "compression_ratio": 1.0819672131147542, "no_speech_prob": 0.012184853665530682}, {"id": 14, "seek": 8280, "start": 93.08, "end": 99.03999999999999, "text": "\u6211\u662f\u771f\u5fc3\u5beb\u4e0d\u5f97\u4f60\u8d70", "tokens": [50878, 15914, 6303, 7945, 4510, 104, 1960, 5916, 2166, 9575, 51176], "temperature": 0.0, "avg_logprob": -0.33679080831593483, "compression_ratio": 1.0819672131147542, "no_speech_prob": 0.012184853665530682}, {"id": 15, "seek": 8280, "start": 99.03999999999999, "end": 108.4, "text": "\u6709\u4eba\u8b93\u4f60\u5df2\u5728\u6df1\u79cb\u56de\u61b6", "tokens": [51176, 45820, 21195, 2166, 15701, 3581, 24043, 40190, 8350, 29713, 114, 51644], "temperature": 0.0, "avg_logprob": -0.33679080831593483, "compression_ratio": 1.0819672131147542, "no_speech_prob": 0.012184853665530682}, {"id": 16, "seek": 8280, "start": 108.4, "end": 112.24, "text": "\u6ec5\u53bb\u7684\u6211\u518d\u6df1\u982d", "tokens": [51644, 15868, 227, 6734, 1546, 1654, 8623, 24043, 19921, 51836], "temperature": 0.0, "avg_logprob": -0.33679080831593483, "compression_ratio": 1.0819672131147542, "no_speech_prob": 0.012184853665530682}, {"id": 17, "seek": 11224, "start": 112.24, "end": 118.83999999999999, "text": "\u56de\u61b6\u5728\u9019\u4e00\u523b\u7684\u4f60", "tokens": [50364, 8350, 29713, 114, 3581, 32260, 45500, 1546, 2166, 50694], "temperature": 0.0, "avg_logprob": -0.32205692090486226, "compression_ratio": 0.7659574468085106, "no_speech_prob": 0.005585710518062115}, {"id": 18, "seek": 11224, "start": 118.83999999999999, "end": 138.88, "text": "\u4e5f\u66fe\u6dda\u6d41", "tokens": [50694, 6404, 43801, 14176, 248, 27854, 51696], "temperature": 0.0, "avg_logprob": -0.32205692090486226, "compression_ratio": 0.7659574468085106, "no_speech_prob": 0.005585710518062115}, {"id": 19, "seek": 13888, "start": 138.88, "end": 148.24, "text": "\u4ee5\u5f8c\u8b93\u6211\u5df2\u5728\u6df1\u79cb\u56de\u61b6", "tokens": [50364, 3588, 5661, 21195, 1654, 15701, 3581, 24043, 40190, 8350, 29713, 114, 50832], "temperature": 0.0, "avg_logprob": -0.22151686928488992,