{"text": "\u8a5e\u66f2 \u674e\u5b97\u76db\u9418\u8072\u97ff\u8d77\u8cb4\u5bb6\u7684\u4fe1\u865f\u5728\u4ed6\u751f\u547d\u88e1\u5f77\u5f7f\u5927\u8b8a\u68c4\u53bb\u9ed1\u8272\u5e7e\u4e4e\u5438\u4ed6\u7684\u610f\u662f\u4e00\u751f\u9022\u73fe\u819a\u8272\u9b25\u722d\u4e2d\u81c9\u8d8a\u767d\u7d05\u6cb9\u8b8a\u505a\u5931\u53bb\u75b2\u5026\u7684\u96d9\u773c\u5927\u8457\u671f\u671b\u4eca\u5929\u81ea\u7531\u6b98\u7559\u7684\u6e20\u822a\u8fce\u63a5\u5149\u5b63\u6b72\u6708\u98a8\u96e8\u4e2d\u62b1\u7dca\u81ea\u7531\u4e00\u751f\u7d93\u904e\u65c1\u671b\u7684\u6399\u624e\u81ea\u4fe1\u53ef\u6539\u8b8a\u672a\u4f86\u5954\u6c34\u53c8\u80fd\u505a\u5230\u53ef\u5426\u4e0d\u5206\u819a\u8272\u7684\u8857\u4e0b\u9060\u8005\u571f\u5730\u88e1\u4e0d\u5206\u96e2\u53ef\u9ad8\u4f4e\u5954\u5206\u8272\u5f69\u9583\u51fa\u7684\u7f8e\u9e97\u662f\u4eba\u5bb6\u6c92\u6709\u53cd\u5f48\u6703\u91cd\u8272\u5f69\u81c9\u8d8a\u767d\u7d05\u6cb9\u8b8a\u505a\u5931\u53bb\u75b2\u5026\u7684\u96d9\u773c\u5927\u8457\u671f\u671b\u4eca\u5929\u81ea\u7531\u6b98\u7559\u7684\u6e20\u822a\u8fce\u63a5\u5149\u5b63\u6b72\u6708\u98a8\u96e8\u4e2d\u62b1\u7dca\u81ea\u7531\u4e00\u751f\u7d93\u904e\u65c1\u671b\u7684\u6399\u624e\u81ea\u4fe1\u53ef\u6539\u8b8a\u672a\u4f86\u5954\u6c34\u53c8\u80fd\u505a\u5230\u4eca\u5929\u81ea\u7531\u6b98\u7559\u7684\u6e20\u822a\u8fce\u63a5\u5149\u5b63\u6b72\u6708\u98a8\u96e8\u4e2d\u62b1\u7dca\u81ea\u7531\u4e00\u751f\u7d93\u904e\u65c1\u671b\u7684\u6399\u624e\u81ea\u4fe1\u53ef\u6539\u8b8a\u672a\u4f86\u5954\u6c34\u53c8\u80fd\u505a\u5230\u4eca\u5929\u81ea\u7531\u6b98\u7559\u7684\u6e20\u822a\u8fce\u63a5\u5149\u5b63\u6b72\u6708\u98a8\u96e8\u4e2d\u62b1\u7dca\u81ea\u7531\u4e00\u751f\u7d93\u904e\u65c1\u671b\u7684\u6399\u624e\u81ea\u4fe1\u53ef\u6539\u8b8a\u672a\u4f86\u5954\u6c34\u53c8\u80fd\u505a\u5230\u4eca\u5929\u81ea\u7531\u6b98\u7559\u7684\u6e20\u822a\u8fce\u63a5\u5149\u5b63\u6b72\u6708\u98a8\u96e8\u4e2d\u62b1\u7dca\u81ea\u7531\u4e00\u751f\u7d93\u904e\u65c1\u671b\u7684\u6399\u624e\u81ea\u4fe1\u53ef\u6539\u8b8a\u672a\u4f86", "segments": [{"id": 0, "seek": 0, "start": 0.0, "end": 28.0, "text": "\u8a5e\u66f2 \u674e\u5b97\u76db", "tokens": [50364, 6716, 252, 30753, 220, 31206, 2415, 245, 5419, 249, 51764], "temperature": 0.0, "avg_logprob": -0.7468324074378381, "compression_ratio": 0.64, "no_speech_prob": 0.6999277472496033}, {"id": 1, "seek": 2800, "start": 28.0, "end": 32.0, "text": "\u9418\u8072\u97ff\u8d77\u8cb4\u5bb6\u7684\u4fe1\u865f", "tokens": [50364, 26254, 29454, 13665, 123, 9147, 11561, 112, 5155, 1546, 17665, 18616, 50564], "temperature": 0.0, "avg_logprob": -0.4176367149978388, "compression_ratio": 0.9661016949152542, "no_speech_prob": 0.341806560754776}, {"id": 2, "seek": 2800, "start": 32.0, "end": 35.0, "text": "\u5728\u4ed6\u751f\u547d\u88e1", "tokens": [50564, 3581, 5000, 8244, 25236, 11066, 50714], "temperature": 0.0, "avg_logprob": -0.4176367149978388, "compression_ratio": 0.9661016949152542, "no_speech_prob": 0.341806560754776}, {"id": 3, "seek": 2800, "start": 35.0, "end": 40.0, "text": "\u5f77\u5f7f\u5927\u8b8a\u68c4\u53bb", "tokens": [50714, 7391, 115, 7391, 123, 3582, 26327, 16407, 226, 6734, 50964], "temperature": 0.0, "avg_logprob": -0.4176367149978388, "compression_ratio": 0.9661016949152542, "no_speech_prob": 0.341806560754776}, {"id": 4, "seek": 2800, "start": 40.0, "end": 45.0, "text": "\u9ed1\u8272\u5e7e\u4e4e\u5438\u4ed6\u7684\u610f", "tokens": [50964, 32141, 17673, 23575, 2930, 236, 46431, 31309, 9042, 51214], "temperature": 0.0, "avg_logprob": -0.4176367149978388, "compression_ratio": 0.9661016949152542, "no_speech_prob": 0.341806560754776}, {"id": 5, "seek": 2800, "start": 45.0, "end": 48.0, "text": "\u662f\u4e00\u751f\u9022\u73fe", "tokens": [51214, 1541, 2257, 8244, 2215, 95, 9581, 51364], "temperature": 0.0, "avg_logprob": -0.4176367149978388, "compression_ratio": 0.9661016949152542, "no_speech_prob": 0.341806560754776}, {"id": 6, "seek": 2800, "start": 48.0, "end": 54.0, "text": "\u819a\u8272\u9b25\u722d\u4e2d", "tokens": [51364, 39708, 248, 17673, 32506, 98, 8164, 255, 5975, 51664], "temperature": 0.0, "avg_logprob": -0.4176367149978388, "compression_ratio": 0.9661016949152542, "no_speech_prob": 0.341806560754776}, {"id": 7, "seek": 5400, "start": 54.0, "end": 60.0, "text": "\u81c9\u8d8a\u767d\u7d05\u6cb9\u8b8a\u505a\u5931\u53bb", "tokens": [50364, 6784, 231, 25761, 13558, 33487, 14420, 26327, 10907, 28564, 6734, 50664], "temperature": 0.0, "avg_logprob": -0.29551731700628575, "compression_ratio": 1.065217391304348, "no_speech_prob": 0.007447105832397938}, {"id": 8, "seek": 5400, "start": 60.0, "end": 67.0, "text": "\u75b2\u5026\u7684\u96d9\u773c\u5927\u8457\u671f\u671b", "tokens": [50664, 18140, 110, 2122, 99, 1546, 6306, 247, 25281, 3582, 19382, 16786, 22694, 51014], "temperature": 0.0, "avg_logprob": -0.29551731700628575, "compression_ratio": 1.065217391304348, "no_speech_prob": 0.007447105832397938}, {"id": 9, "seek": 5400, "start": 67.0, "end": 71.0, "text": "\u4eca\u5929\u81ea\u7531\u6b98\u7559\u7684\u6e20\u822a", "tokens": [51014, 12074, 45233, 15976, 246, 24456, 1546, 9592, 254, 10256, 103, 51214], "temperature": 0.0, "avg_logprob": -0.29551731700628575, "compression_ratio": 1.065217391304348, "no_speech_prob": 0.007447105832397938}, {"id": 10, "seek": 5400, "start": 71.0, "end": 74.0, "text": "\u8fce\u63a5\u5149\u5b63\u6b72\u6708", "tokens": [51214, 17699, 14468, 20690, 8052, 96, 26256, 6939, 51364], "temperature": 0.0, "avg_logprob": -0.29551731700628575, "compression_ratio": 1.065217391304348, "no_speech_prob": 0.007447105832397938}, {"id": 11, "seek": 5400, "start": 74.0, "end": 80.0, "text": "\u98a8\u96e8\u4e2d\u62b1\u7dca\u81ea\u7531", "tokens": [51364, 22713, 35339, 5975, 38382, 30172, 45233, 51664], "temperature": 0.0, "avg_logprob": -0.29551731700628575, "compression_ratio": 1.065217391304348, "no_speech_prob": 0.007447105832397938}, {"id": 12, "seek": 5400, "start": 80.0, "end": 83.0, "text": "\u4e00\u751f\u7d93\u904e\u65c1\u671b\u7684\u6399\u624e", "tokens": [51664, 2257, 8244, 15145, 8816, 4479, 223, 22694, 1546, 6900, 247, 3416, 236, 51814], "temperature": 0.0, "avg_logprob": -0.29551731700628575, "compression_ratio": 1.065217391304348, "no_speech_prob": 0.007447105832397938}, {"id": 13, "seek": 8300, "start": 83.0, "end": 86.0, "text": "\u81ea\u4fe1\u53ef\u6539\u8b8a\u672a\u4f86", "tokens": [50364, 9722, 17665, 4429, 34490, 26327, 29954, 3763, 50514], "temperature": 0.0, "avg_logprob": -0.390265024625338, "compression_ratio": 0.8804347826086957, "no_speech_prob": 0.009473935700953007}, {"id": 14, "seek": 8300, "start": 86.0, "end": 102.0, "text": "\u5954\u6c34\u53c8\u80fd\u505a\u5230", "tokens": [50514, 1881, 242, 15590, 17047, 8225, 10907, 4511, 51314], "temperature": 0.0, "avg_logprob": -0.390265024625338, "compression_ratio": 0.8804347826086957, "no_speech_prob": 0.009473935700953007}, {"id": 15, "seek": 8300, "start": 102.0, "end": 107.0, "text": "\u53ef\u5426\u4e0d\u5206\u819a\u8272\u7684\u8857\u4e0b", "tokens": [51314, 4429, 45334, 1960, 6627, 39708, 248, 17673, 1546, 42529, 4438, 51564], "temperature": 0.0, "avg_logprob": -0.390265024625338, "compression_ratio": 0.8804347826086957, "no_speech_prob": 0.009473935700953007}, {"id": 16, "seek": 8300, "start": 107.0, "end": 110.0, "text": "\u9060\u8005\u571f\u5730\u88e1", "tokens": [51564, 34489, 12444, 45506, 10928, 11066, 51714], "temperature": 0.0, "avg_logprob": -0.390265024625338, "compression_ratio": 0.8804347826086957, "no_speech_prob": 0.009473935700953007}, {"id": 17, "seek": 11000, "start": 110.0, "end": 115.0, "text": "\u4e0d\u5206\u96e2\u53ef\u9ad8\u4f4e", "tokens": [50364, 1960, 6627, 32662, 4429, 12979, 41377, 50614], "temperature": 0.0, "avg_logprob": -0.217234305615695, "compression_ratio": 0.9545454545454546, "no_speech_prob": 0.013566246256232262}, {"id": 18, "seek": 11000, "start": 115.0, "end": 120.0, "text": "\u5954\u5206\u8272\u5f69\u9583\u51fa\u7684\u7f8e\u9e97", "tokens": [50614, 1881, 242, 6627, 17673, 7391, 102, 5196, 225, 7781, 1546, 9175, 3994, 245, 50864],