{"text": "Zither Harp\u82e5\u9019\u4e00\u675f\u8abf\u71c8\u50be\u659c\u4e0b\u4f86\u6216\u8005\u6211\u5df2\u4e0d\u6703\u5b58\u5728\u5373\u4f7f\u4f60\u4e0d\u7aa9\u4ea6\u4e0d\u9700\u8981\u5206\u958b\u82e5\u9019\u4e00\u523b\u6211\u7adf\u53ad\u7a2e\u7661\u5446\u6839\u672c\u4e0d\u9700\u8981\u60b2\u54c0\u6c38\u9060\u518d\u5275\u50b7\u61a4\u6012\u5982\u751f\u90fd\u4e0d\u6703\u518d\u60b2\u54c0\u4eba\u7e3d\u9700\u8981\u52c7\u6562\u751f\u5b58\u6211\u9084\u662f\u91cd\u65b0\u8a31\u9858\u4f8b\u5982\u4f55\u6703\u6210\u719f\u5931\u6200\u660e\u5e74\u4eca\u65e5\u5fc5\u8981\u518d\u5931\u7720\u5275\u6b32\u90fd\u6539\u8b8a\u5982\u6211\u6709\u5e78\u6703\u9762\u6216\u518d\u540c\u534a\u8eab\u5206\u7684\u627f\u8a8d\u9ec3\u6ed1\u5730\u7b49\u5f85\u4f60\u51fa\u73fe\u660e\u5e74\u4eca\u65e5\u672a\u898b\u4f60\u4e00\u5e74\u8ab0\u5beb\u5f97\u6539\u8b8a\u96e2\u958b\u4f60\u516d\u5341\u5e74\u4f46\u9858\u80fd\u8a8d\u5f97\u51fa\u4f60\u7684\u5b50\u5973\u81e8\u5225\u4ea6\u807d\u5f97\u5230\u4f60\u8aaa\u518d\u898b\u4eba\u7e3d\u9700\u8981\u52c7\u6562\u751f\u5b58\u6211\u9084\u662f\u91cd\u65b0\u8a31\u9858\u4f8b\u5982\u4f55\u6703\u6210\u719f\u5931\u6200\u660e\u5e74\u4eca\u65e5\u5fc5\u8981\u518d\u5931\u7720\u5275\u6b32\u90fd\u6539\u8b8a\u5982\u6211\u6709\u5e78\u6703\u9762\u6216\u518d\u540c\u534a\u8eab\u5206\u7684\u627f\u8a8d\u9ec3\u6ed1\u5730\u7b49\u5f85\u4f60\u51fa\u73fe\u660e\u5e74\u4eca\u65e5\u672a\u898b\u4f60\u4e00\u5e74\u8ab0\u5beb\u5f97\u6539\u8b8a\u96e2\u958b\u4f60\u516d\u5341\u5e74\u4f46\u9858\u80fd\u8a8d\u5f97\u51fa\u4f60\u7684\u5b50\u5973\u81e8\u5225\u4ea6\u807d\u5f97\u5230\u4f60\u8aaa\u518d\u898b\u518d\u6709\u751f\u7684\u77ac\u9593\u80fd\u9047\u5230\u4f60\u666f\u82b1\u5149\u6240\u6709\u904b\u6c23\u5230\u9019\u4e00\u518d\u767c\u73fe\u66fe\u547c\u5438\u904e\u7a7a\u6c23\u8a5e\u66f2 \u674e\u5b97\u76db", "segments": [{"id": 0, "seek": 0, "start": 0.0, "end": 15.0, "text": "Zither Harp", "tokens": [50364, 57, 1839, 3653, 79, 51114], "temperature": 0.0, "avg_logprob": -0.4372703356620593, "compression_ratio": 0.8791208791208791, "no_speech_prob": 0.7983101010322571}, {"id": 1, "seek": 0, "start": 15.0, "end": 19.0, "text": "\u82e5\u9019\u4e00\u675f\u8abf\u71c8\u50be\u659c\u4e0b\u4f86", "tokens": [51114, 13736, 98, 32260, 44320, 32943, 24184, 230, 11518, 122, 4307, 250, 4438, 3763, 51314], "temperature": 0.0, "avg_logprob": -0.4372703356620593, "compression_ratio": 0.8791208791208791, "no_speech_prob": 0.7983101010322571}, {"id": 2, "seek": 0, "start": 19.0, "end": 22.0, "text": "\u6216\u8005\u6211\u5df2\u4e0d\u6703\u5b58\u5728", "tokens": [51314, 31148, 1654, 15701, 21121, 39781, 3581, 51464], "temperature": 0.0, "avg_logprob": -0.4372703356620593, "compression_ratio": 0.8791208791208791, "no_speech_prob": 0.7983101010322571}, {"id": 3, "seek": 0, "start": 22.0, "end": 26.0, "text": "\u5373\u4f7f\u4f60\u4e0d\u7aa9", "tokens": [51464, 39127, 22982, 2166, 1960, 163, 27523, 51664], "temperature": 0.0, "avg_logprob": -0.4372703356620593, "compression_ratio": 0.8791208791208791, "no_speech_prob": 0.7983101010322571}, {"id": 4, "seek": 2600, "start": 26.0, "end": 30.0, "text": "\u4ea6\u4e0d\u9700\u8981\u5206\u958b", "tokens": [50364, 1369, 99, 1960, 35748, 6627, 8949, 50564], "temperature": 0.0, "avg_logprob": -0.22944324047534498, "compression_ratio": 1.127659574468085, "no_speech_prob": 0.1048235297203064}, {"id": 5, "seek": 2600, "start": 30.0, "end": 34.0, "text": "\u82e5\u9019\u4e00\u523b\u6211\u7adf\u53ad\u7a2e\u7661\u5446", "tokens": [50564, 13736, 98, 32260, 45500, 1654, 11957, 253, 5014, 255, 16516, 6651, 94, 3606, 228, 50764], "temperature": 0.0, "avg_logprob": -0.22944324047534498, "compression_ratio": 1.127659574468085, "no_speech_prob": 0.1048235297203064}, {"id": 6, "seek": 2600, "start": 34.0, "end": 37.0, "text": "\u6839\u672c\u4e0d\u9700\u8981\u60b2\u54c0", "tokens": [50764, 31337, 8802, 1960, 35748, 14696, 110, 3858, 222, 50914], "temperature": 0.0, "avg_logprob": -0.22944324047534498, "compression_ratio": 1.127659574468085, "no_speech_prob": 0.1048235297203064}, {"id": 7, "seek": 2600, "start": 37.0, "end": 41.0, "text": "\u6c38\u9060\u518d\u5275\u50b7\u61a4\u6012", "tokens": [50914, 42503, 34489, 8623, 5935, 113, 41323, 29713, 97, 3757, 240, 51114], "temperature": 0.0, "avg_logprob": -0.22944324047534498, "compression_ratio": 1.127659574468085, "no_speech_prob": 0.1048235297203064}, {"id": 8, "seek": 2600, "start": 41.0, "end": 47.0, "text": "\u5982\u751f\u90fd\u4e0d\u6703\u518d\u60b2\u54c0", "tokens": [51114, 8238, 8244, 7182, 21121, 8623, 14696, 110, 3858, 222, 51414], "temperature": 0.0, "avg_logprob": -0.22944324047534498, "compression_ratio": 1.127659574468085, "no_speech_prob": 0.1048235297203064}, {"id": 9, "seek": 2600, "start": 47.0, "end": 50.0, "text": "\u4eba\u7e3d\u9700\u8981\u52c7\u6562\u751f\u5b58", "tokens": [51414, 4035, 26575, 35748, 7978, 229, 40205, 8244, 39781, 51564], "temperature": 0.0, "avg_logprob": -0.22944324047534498, "compression_ratio": 1.127659574468085, "no_speech_prob": 0.1048235297203064}, {"id": 10, "seek": 2600, "start": 50.0, "end": 53.0, "text": "\u6211\u9084\u662f\u91cd\u65b0\u8a31\u9858", "tokens": [51564, 1654, 25583, 12624, 12560, 40914, 20692, 51714], "temperature": 0.0, "avg_logprob": -0.22944324047534498, "compression_ratio": 1.127659574468085, "no_speech_prob": 0.1048235297203064}, {"id": 11, "seek": 5300, "start": 53.0, "end": 60.0, "text": "\u4f8b\u5982\u4f55\u6703\u6210\u719f\u5931\u6200", "tokens": [50364, 17797, 8238, 11906, 6236, 11336, 21805, 253, 28564, 1486, 222, 50714], "temperature": 0.0, "avg_logprob": -0.18959184595056483, "compression_ratio": 1.1020408163265305, "no_speech_prob": 0.07097537070512772}, {"id": 12, "seek": 5300, "start": 60.0, "end": 64.0, "text": "\u660e\u5e74\u4eca\u65e5\u5fc5\u8981\u518d\u5931\u7720", "tokens": [50714, 11100, 5157, 26259, 28531, 4275, 8623, 28564, 2862, 254, 50914], "temperature": 0.0, "avg_logprob": -0.18959184595056483, "compression_ratio": 1.1020408163265305, "no_speech_prob": 0.07097537070512772}, {"id": 13, "seek": 5300, "start": 64.0, "end": 66.0, "text": "\u5275\u6b32\u90fd\u6539\u8b8a", "tokens": [50914, 5935, 113, 5988, 110, 7182, 34490, 26327, 51014], "temperature": 0.0, "avg_logprob": -0.18959184595056483, "compression_ratio": 1.1020408163265305, "no_speech_prob": 0.07097537070512772}, {"id": 14, "seek": 5300, "start": 66.0, "end": 69.0, "text": "\u5982\u6211\u6709\u5e78\u6703\u9762", "tokens": [51014, 8238, 39732, 36482, 6236, 8833, 51164], "temperature": 0.0, "avg_logprob": -0.18959184595056483, "compression_ratio": 1.1020408163265305, "no_speech_prob": 0.07097537070512772}, {"id": 15, "seek": 5300, "start": 69.0, "end": 72.0, "text": "\u6216\u518d\u540c\u534a\u8eab\u5206\u7684\u627f\u8a8d", "tokens": [51164, 19780, 8623, 13089, 30018, 19847, 6627, 1546, 3416, 123, 22041, 51314], "temperature": 0.0, "avg_logprob": -0.18959184595056483, "compression_ratio": 1.1020408163265305, "no_speech_prob": 0.07097537070512772}, {"id": 16, "seek": 5300, "start": 72.0, "end": 76.0, "text": "\u9ec3\u6ed1\u5730\u7b49\u5f85\u4f60\u51fa\u73fe", "tokens": [51314, 39214, 15868, 239, 10928, 10187, 18390, 2166, 7781, 9581, 51514], "temperature": 0.0, "avg_logprob": -0.18959184595056483, "compression_ratio": 1.1020408163265305, "no_speech_prob": 0.07097537070512772}, {"id": 17, "seek": 5300, "start": 76.0, "end": 80.0, "text": "\u660e\u5e74\u4eca\u65e5\u672a\u898b\u4f60\u4e00\u5e74", "tokens": [51514, 11100, 5157, 26259, 29954, 10470, 2166, 2257, 5157, 51714], "temperature": 0.0, "avg_logprob": -0.18959184595056483, "compression_ratio": 1.1020408163265305, "no_speech_prob": 0.07097537070512772}, {"id": 18, "seek": 8000, "start": 80.0, "end": 82.0, "text": "\u8ab0\u5beb\u5f97\u6539\u8b8a", "tokens": [50364, 20757, 4510, 104, 5916, 34490, 26327, 50464], "temperature": 0.0, "avg_logprob": -0.134194933134934, "compression_ratio": 0.8513513513513513, "no_speech_prob": 0.19919538497924805}, {"id": 19, "seek": 8000, "start": 82.0, "end": 84.0, "text": "\u96e2\u958b\u4f60\u516d\u5341\u5e74",