{"text": "Bright in your eyes \u70ba\u6211\u89e3\u91cb\u4e0b\u534a\u751f\u7709\u76ee\u88e1\u627e\u5230\u6211 \u5931\u53bb\u7684\u8aee\u8a62\u751f\u624d\u660e\u767d\u88ab\u611b\u7684 \u80fd\u6d3b\u5f97\u9019\u6a23\u52c7\u6562\u69ae\u5e78\u773c\u795e\u80fd\u66ff\u6211 \u9b42\u4e0a\u65c5\u884c\u4f86\u9ede\u71c8See me fly I'm proud to fly \u7acb\u6d77\u4e0d\u5f15\u8d77\u58d3\u8981\u64fa \u53ea\u56e0\u6709\u4f60\u80b2\u5927Believe me I can fly I'm singing in the sky\u5047\u4f7f\u6211\u7b97\u795e\u8a71 \u5f15\u4f60\u85cf\u91d1\u9b5a\u82b1Bright in your eyes \u70ba\u6211\u9583\u529b\u5c07\u6700\u521d\u552f\u7368\u4f60\u6b23\u8cde\u6211 \u6bd4\u6211\u66f4\u591a\u57cb\u982d\u5c31\u9858\u4f60\u53ef \u80fd\u70ba\u6211\u9a55\u50b2\u66f4\u591a\u7121\u8ad6\u6709\u8ab0\u5acc\u68c4\u6211 \u6295\u5165\u537b\u7121\u4eba\u53ef\u963bSee me fly I'm proud to fly \u7acb\u6d77\u4e0d\u5f15\u8d77\u58d3\u8981\u64fa \u53ea\u56e0\u6709\u4f60\u80b2\u5927Believe me I can fly I'm singing in the sky\u5047\u4f7f\u6211\u7b97\u795e\u8a71 \u5f15\u4f60\u85cf\u91d1\u9b5a\u82b1\u6211\u76fc\u6709\u4e00\u5929\u5c07\u4f60\u62b1\u5165\u61f7 \u72fc\u7136\u5730\u5c0d\u8457\u5b87\u5b99\u6a39\u662f\u501f\u8457\u4f60\u7684\u98a8 Let me fly I'm proud to fly \u7acb\u6d77\u4e0d\u5f15\u8d77\u58d3\u8981\u64fa \u53ea\u56e0\u6709\u4f60\u80b2\u5927Believe me I can fly I'm singing in the sky\u5047\u4f7f\u6211\u6709\u5947\u8e5f \u8ddf\u4f60\u85cf\u91d1\u9b5a\u82b1\u6211\u7372\u5f97\u5149\u69ae \u4ecd\u6709\u4f60\u80b2\u5927", "segments": [{"id": 0, "seek": 0, "start": 0.0, "end": 16.72, "text": "Bright in your eyes \u70ba\u6211\u89e3\u91cb\u4e0b\u534a\u751f", "tokens": [50364, 33, 1938, 294, 428, 2575, 220, 6344, 1654, 17278, 5873, 233, 4438, 30018, 8244, 51200], "temperature": 0.0, "avg_logprob": -0.44569602667116653, "compression_ratio": 0.9147286821705426, "no_speech_prob": 0.629097580909729}, {"id": 1, "seek": 0, "start": 16.72, "end": 22.56, "text": "\u7709\u76ee\u88e1\u627e\u5230\u6211 \u5931\u53bb\u7684\u8aee\u8a62\u751f", "tokens": [51200, 2862, 231, 11386, 11066, 25085, 4511, 1654, 220, 28564, 6734, 1546, 11067, 106, 6716, 95, 8244, 51492], "temperature": 0.0, "avg_logprob": -0.44569602667116653, "compression_ratio": 0.9147286821705426, "no_speech_prob": 0.629097580909729}, {"id": 2, "seek": 0, "start": 22.56, "end": 28.44, "text": "\u624d\u660e\u767d\u88ab\u611b\u7684 \u80fd\u6d3b\u5f97\u9019\u6a23\u52c7\u6562", "tokens": [51492, 18888, 28430, 23238, 15157, 1546, 220, 8225, 25956, 5916, 8377, 7978, 229, 40205, 51786], "temperature": 0.0, "avg_logprob": -0.44569602667116653, "compression_ratio": 0.9147286821705426, "no_speech_prob": 0.629097580909729}, {"id": 3, "seek": 2844, "start": 28.44, "end": 34.28, "text": "\u69ae\u5e78\u773c\u795e\u80fd\u66ff\u6211 \u9b42\u4e0a\u65c5\u884c\u4f86\u9ede\u71c8", "tokens": [50364, 22989, 106, 36482, 25281, 20432, 8225, 9531, 123, 1654, 220, 20149, 224, 5708, 4479, 227, 8082, 3763, 8216, 24184, 230, 50656], "temperature": 0.0, "avg_logprob": -0.3501895130544469, "compression_ratio": 0.9874213836477987, "no_speech_prob": 0.01021848525851965}, {"id": 4, "seek": 2844, "start": 34.28, "end": 39.0, "text": "See me fly I'm proud to fly \u7acb\u6d77", "tokens": [50656, 26869, 385, 3603, 286, 478, 4570, 281, 3603, 220, 24409, 20078, 50892], "temperature": 0.0, "avg_logprob": -0.3501895130544469, "compression_ratio": 0.9874213836477987, "no_speech_prob": 0.01021848525851965}, {"id": 5, "seek": 2844, "start": 39.0, "end": 44.92, "text": "\u4e0d\u5f15\u8d77\u58d3\u8981\u64fa \u53ea\u56e0\u6709\u4f60\u80b2\u5927", "tokens": [50892, 1960, 41301, 9147, 45964, 4275, 13167, 118, 220, 14003, 8698, 2412, 2166, 14356, 110, 3582, 51188], "temperature": 0.0, "avg_logprob": -0.3501895130544469, "compression_ratio": 0.9874213836477987, "no_speech_prob": 0.01021848525851965}, {"id": 6, "seek": 2844, "start": 44.92, "end": 50.760000000000005, "text": "Believe me I can fly I'm singing in the sky", "tokens": [51188, 33, 338, 11108, 385, 286, 393, 3603, 286, 478, 6726, 294, 264, 5443, 51480], "temperature": 0.0, "avg_logprob": -0.3501895130544469, "compression_ratio": 0.9874213836477987, "no_speech_prob": 0.01021848525851965}, {"id": 7, "seek": 5076, "start": 50.839999999999996, "end": 58.12, "text": "\u5047\u4f7f\u6211\u7b97\u795e\u8a71 \u5f15\u4f60\u85cf\u91d1\u9b5a\u82b1", "tokens": [50368, 31706, 22982, 1654, 19497, 20432, 11103, 220, 41301, 2166, 21782, 237, 19117, 40042, 20127, 50732], "temperature": 0.0, "avg_logprob": -0.5381048426908606, "compression_ratio": 0.8764044943820225, "no_speech_prob": 0.011501379311084747}, {"id": 8, "seek": 5076, "start": 70.2, "end": 75.32, "text": "Bright in your eyes \u70ba\u6211\u9583\u529b\u5c07\u6700\u521d", "tokens": [51336, 33, 1938, 294, 428, 2575, 220, 6344, 1654, 5196, 225, 13486, 34168, 8661, 28727, 51592], "temperature": 0.0, "avg_logprob": -0.5381048426908606, "compression_ratio": 0.8764044943820225, "no_speech_prob": 0.011501379311084747}, {"id": 9, "seek": 7532, "start": 75.39999999999999, "end": 81.16, "text": "\u552f\u7368\u4f60\u6b23\u8cde\u6211 \u6bd4\u6211\u66f4\u591a", "tokens": [50368, 17198, 107, 163, 18304, 2166, 5988, 96, 13352, 252, 1654, 220, 11706, 1654, 19002, 6392, 50656], "temperature": 0.0, "avg_logprob": -0.1766435108827741, "compression_ratio": 1.022099447513812, "no_speech_prob": 0.011755136772990227}, {"id": 10, "seek": 7532, "start": 81.16, "end": 87.08, "text": "\u57cb\u982d\u5c31\u9858\u4f60\u53ef \u80fd\u70ba\u6211\u9a55\u50b2\u66f4\u591a", "tokens": [50656, 16262, 233, 19921, 3111, 20692, 2166, 4429, 220, 8225, 6344, 1654, 24023, 243, 11518, 110, 19002, 6392, 50952], "temperature": 0.0, "avg_logprob": -0.1766435108827741, "compression_ratio": 1.022099447513812, "no_speech_prob": 0.011755136772990227}, {"id": 11, "seek": 7532, "start": 87.08, "end": 92.91999999999999, "text": "\u7121\u8ad6\u6709\u8ab0\u5acc\u68c4\u6211 \u6295\u5165\u537b\u7121\u4eba\u53ef\u963b", "tokens": [50952, 16976, 29340, 2412, 20757, 38291, 234, 16407, 226, 1654, 220, 37094, 14028, 5322, 119, 16976, 4035, 4429, 10034, 119, 51244], "temperature": 0.0, "avg_logprob": -0.1766435108827741, "compression_ratio": 1.022099447513812, "no_speech_prob": 0.011755136772990227}, {"id": 12, "seek": 7532, "start": 92.91999999999999, "end": 97.72, "text": "See me fly I'm proud to fly \u7acb\u6d77", "tokens": [51244, 26869, 385, 3603, 286, 478, 4570, 281, 3603, 220, 24409, 20078, 51484], "temperature": 0.0, "avg_logprob": -0.1766435108827741, "compression_ratio": 1.022099447513812, "no_speech_prob": 0.011755136772990227}, {"id": 13, "seek": 7532, "start": 97.72, "end": 103.56, "text": "\u4e0d\u5f15\u8d77\u58d3\u8981\u64fa \u53ea\u56e0\u6709\u4f60\u80b2\u5927", "tokens": [51484, 1960, 41301, 9147, 45964, 4275, 13167, 118, 220, 14003, 8698, 2412, 2166, 14356, 110, 3582, 51776], "temperature": 0.0, "avg_logprob": -0.1766435108827741, "compression_ratio": 1.022099447513812, "no_speech_prob": 0.011755136772990227}, {"id": 14, "seek": 10356, "start": 103.56, "end": 109.4, "text": "Believe me I can fly I'm singing in the sky", "tokens": [50364, 33, 338, 11108, 385, 286, 393, 3603, 286, 478, 6726, 294, 264, 5443, 50656], "temperature": 0.0, "avg_logprob": -0.23113356214581113, "compression_ratio": 0.8791208791208791, "no_speech_prob": 0.0008521745330654085}, {"id": 15, "seek": 10356, "start": 109.4, "end": 117.16, "text": "\u5047\u4f7f\u6211\u7b97\u795e\u8a71 \u5f15\u4f60\u85cf\u91d1\u9b5a\u82b1", "tokens": [50656, 31706, 22982, 1654, 19497, 20432, 11103, 220, 41301, 2166, 21782, 237, 19117, 40042, 20127, 51044], "temperature": 0.0, "avg_logprob": -0.23113356214581113, "compression_ratio": 0.8791208791208791, "no_speech_prob": 0.0008521745330654085}, {"id": 16, "seek": 11716, "start": 117.16, "end": 133.88, "text": "\u6211\u76fc\u6709\u4e00\u5929\u5c07\u4f60\u62b1\u5165\u61f7 \u72fc\u7136\u5730\u5c0d\u8457\u5b87\u5b99\u6a39",