{"text": "\u90a3\u5929\u4e0d\u5c0f\u5fc3\u901d\u53bb\u4f60\u53e3\u4e0a\u518d\u6709\u6b32\u54ed\u7684\u8877\u52d5\u8a8d\u771f \u751f\u6240\u4e86\u7684\u60c5\u4eba \u518d\u4e5f\u7121\u6b0a\u4ee4\u624b\u6a5f\u63a5\u901a\u6211\u61c9\u8a72 \u4e0d\u8a18\u5f97\u70ba\u4f55\u4f60\u5438\u5f15 \u8981\u6578\u81ea\u5df1\u7684\u4e0d\u5e78\u4f46\u7576\u6211\u60f3\u5230\u4f60\u7684\u50b3\u805e \u9019\u50b7\u624b\u7adf\u5728\u9663\u4eba\u90fd\u5206\u958b\u6200 \u552f\u6709\u89aa\u624b\u81ea\u5df1\u6cbb\u7642\u5982\u9aee\u7d72\u7d72\u751f\u7406\u9700\u8981 \u70ba\u4f55\u773c\u6dda\u6703\u7f3a\u5c11\u539f\u8ad2\u70ba\u4f60\u597d \u5b78\u5f97\u51fa\u773c\u6dda\u5931\u7720 \u81f3\u5c11\u81e8\u4e0a\u60f3\u8d77\u4f60\u5982\u4f55\u4e0d\u5c0d \u600e\u9ebc\u9084\u8981\u8ffd\u539f\u4f86\u76f8\u4f3c\u597d \u5b78\u5f97\u51fa\u773c\u6dda\u611f\u60c5 \u4e0d\u51c6\u64a4\u9000\u611f\u6fc0\u6211\u60b6\u6210\u719f\u7720 \u5df2\u7d93\u77e5\u9053\u6d41\u6dda\u6709\u7f6a\u627f\u53d7\u4efb\u4f55\u662f\u975e\u90fd\u80fd \u6371\u53ef\u53bb\u6211\u90fd\u60f3\u5047\u88dd\u53ea\u5f97\u4e00\u5207 \u70ba\u4f60\u7576\u8857\u7684\u51fa\u8d70 \u6709\u8aaa\u5f97\u904e\u53bbZither Harp\u9019\u4e00\u523b \u4e0d\u5c11\u5fc3\u60f3\u5230\u4f60\u7684\u554f \u96e3\u904e\u4ecd\u7136\u624b\u672c\u5206\u70ba\u4e00\u500b\u4e0d\u611b\u6211\u7684\u58de\u4eba \u6211\u5132\u5f97\u5230\u6559\u8a13\u4eba\u90fd\u5206\u958b\u6200 \u552f\u6709\u89aa\u624b\u81ea\u5df1\u6cbb\u7642\u5982\u9aee\u7d72\u7d72\u751f\u7406\u9700\u8981 \u70ba\u4f55\u773c\u6dda\u6703\u7f3a\u5c11\u539f\u8ad2\u70ba\u4f60\u597d \u5b78\u5f97\u51fa\u773c\u6dda\u5931\u7720 \u81f3\u5c11\u81e8\u4e0a\u60f3\u8d77\u4f60\u5982\u4f55\u4e0d\u5c0d \u600e\u9ebc\u9084\u8981\u8ffd\u539f\u4f86\u76f8\u4f3c\u597d \u5b78\u5f97\u51fa\u773c\u6dda\u611f\u60c5 \u4e0d\u51c6\u64a4\u9000\u611f\u6fc0\u6211\u60b6\u6210\u719f\u7720 \u5df2\u7d93\u77e5\u9053\u6d41\u6dda\u6709\u7f6a\u627f\u53d7\u4efb\u4f55\u662f\u975e\u90fd\u80fd \u6371\u53ef\u53bb\u6211\u90fd\u60f3\u5047\u88dd\u53ea\u5f97\u4e00\u5207 \u70ba\u4f60\u7576\u8857\u7684\u51fa\u8d70 \u6709\u8aaa\u5f97\u904e\u53bbZither Harp", "segments": [{"id": 0, "seek": 0, "start": 0.0, "end": 29.0, "text": "\u90a3\u5929\u4e0d\u5c0f\u5fc3\u901d\u53bb\u4f60\u53e3\u4e0a\u518d\u6709\u6b32\u54ed\u7684\u8877\u52d5", "tokens": [50364, 4184, 6135, 1960, 34021, 2215, 251, 6734, 2166, 18144, 5708, 8623, 2412, 5988, 110, 3858, 255, 1546, 9890, 115, 12572, 51814], "temperature": 0.0, "avg_logprob": -0.5970360040664673, "compression_ratio": 0.8225806451612904, "no_speech_prob": 0.9126490950584412}, {"id": 1, "seek": 2900, "start": 29.0, "end": 36.0, "text": "\u8a8d\u771f \u751f\u6240\u4e86\u7684\u60c5\u4eba \u518d\u4e5f\u7121\u6b0a\u4ee4\u624b\u6a5f\u63a5\u901a", "tokens": [50364, 22041, 6303, 220, 8244, 5966, 2289, 1546, 10570, 4035, 220, 8623, 6404, 16976, 40212, 49061, 11389, 17543, 14468, 19550, 50714], "temperature": 0.0, "avg_logprob": -0.3997281502033102, "compression_ratio": 1.0472972972972974, "no_speech_prob": 0.8374797701835632}, {"id": 2, "seek": 2900, "start": 36.0, "end": 44.0, "text": "\u6211\u61c9\u8a72 \u4e0d\u8a18\u5f97\u70ba\u4f55\u4f60\u5438\u5f15 \u8981\u6578\u81ea\u5df1\u7684\u4e0d\u5e78", "tokens": [50714, 1654, 26087, 19021, 30872, 6344, 11906, 2166, 46431, 41301, 220, 4275, 30622, 17645, 1546, 1960, 36482, 51114], "temperature": 0.0, "avg_logprob": -0.3997281502033102, "compression_ratio": 1.0472972972972974, "no_speech_prob": 0.8374797701835632}, {"id": 3, "seek": 2900, "start": 44.0, "end": 53.0, "text": "\u4f46\u7576\u6211\u60f3\u5230\u4f60\u7684\u50b3\u805e \u9019\u50b7\u624b\u7adf\u5728\u9663", "tokens": [51114, 8395, 13118, 25246, 4511, 18961, 40852, 25468, 45286, 41323, 11389, 11957, 253, 3581, 8842, 96, 51564], "temperature": 0.0, "avg_logprob": -0.3997281502033102, "compression_ratio": 1.0472972972972974, "no_speech_prob": 0.8374797701835632}, {"id": 4, "seek": 5300, "start": 53.0, "end": 60.0, "text": "\u4eba\u90fd\u5206\u958b\u6200 \u552f\u6709\u89aa\u624b\u81ea\u5df1\u6cbb\u7642", "tokens": [50364, 4035, 7182, 6627, 8949, 1486, 222, 220, 17198, 107, 2412, 42117, 11389, 17645, 30118, 6651, 224, 50714], "temperature": 0.0, "avg_logprob": -0.26040713970477763, "compression_ratio": 1.0303030303030303, "no_speech_prob": 0.8023295998573303}, {"id": 5, "seek": 5300, "start": 60.0, "end": 68.0, "text": "\u5982\u9aee\u7d72\u7d72\u751f\u7406\u9700\u8981 \u70ba\u4f55\u773c\u6dda\u6703\u7f3a\u5c11", "tokens": [50714, 8238, 9084, 106, 6948, 110, 6948, 110, 8244, 13876, 35748, 220, 6344, 11906, 25281, 14176, 248, 6236, 38109, 118, 15686, 51114], "temperature": 0.0, "avg_logprob": -0.26040713970477763, "compression_ratio": 1.0303030303030303, "no_speech_prob": 0.8023295998573303}, {"id": 6, "seek": 5300, "start": 68.0, "end": 76.0, "text": "\u539f\u8ad2\u70ba\u4f60\u597d \u5b78\u5f97\u51fa\u773c\u6dda\u5931\u7720 \u81f3\u5c11\u81e8\u4e0a", "tokens": [51114, 19683, 11067, 240, 6344, 26410, 220, 21372, 5916, 7781, 25281, 14176, 248, 28564, 2862, 254, 220, 20844, 15686, 6784, 101, 5708, 51514], "temperature": 0.0, "avg_logprob": -0.26040713970477763, "compression_ratio": 1.0303030303030303, "no_speech_prob": 0.8023295998573303}, {"id": 7, "seek": 7600, "start": 76.0, "end": 82.0, "text": "\u60f3\u8d77\u4f60\u5982\u4f55\u4e0d\u5c0d \u600e\u9ebc\u9084\u8981\u8ffd", "tokens": [50364, 7093, 9147, 2166, 43526, 15779, 220, 11614, 7824, 4275, 39947, 50664], "temperature": 0.0, "avg_logprob": -0.3020906829833984, "compression_ratio": 1.0569620253164558, "no_speech_prob": 0.8250089287757874}, {"id": 8, "seek": 7600, "start": 82.0, "end": 89.0, "text": "\u539f\u4f86\u76f8\u4f3c\u597d \u5b78\u5f97\u51fa\u773c\u6dda\u611f\u60c5 \u4e0d\u51c6\u64a4\u9000", "tokens": [50664, 19683, 3763, 15106, 7384, 120, 2131, 220, 21372, 5916, 7781, 25281, 14176, 248, 9709, 10570, 19021, 6336, 228, 20559, 97, 46361, 51014], "temperature": 0.0, "avg_logprob": -0.3020906829833984, "compression_ratio": 1.0569620253164558, "no_speech_prob": 0.8250089287757874}, {"id": 9, "seek": 7600, "start": 89.0, "end": 96.0, "text": "\u611f\u6fc0\u6211\u60b6\u6210\u719f\u7720 \u5df2\u7d93\u77e5\u9053\u6d41\u6dda\u6709\u7f6a", "tokens": [51014, 9709, 26373, 222, 1654, 14696, 114, 11336, 21805, 253, 2862, 254, 220, 25338, 7758, 27854, 14176, 248, 2412, 16469, 103, 51364], "temperature": 0.0, "avg_logprob": -0.3020906829833984, "compression_ratio": 1.0569620253164558, "no_speech_prob": 0.8250089287757874}, {"id": 10, "seek": 7600, "start": 96.0, "end": 103.0, "text": "\u627f\u53d7\u4efb\u4f55\u662f\u975e\u90fd\u80fd \u6371\u53ef\u53bb", "tokens": [51364, 3416, 123, 23151, 26443, 11906, 1541, 12107, 7182, 8225, 220, 26075, 109, 4429, 6734, 51714], "temperature": 0.0, "avg_logprob": -0.3020906829833984, "compression_ratio": 1.0569620253164558, "no_speech_prob": 0.8250089287757874}, {"id": 11, "seek": 10300, "start": 103.0, "end": 113.0, "text": "\u6211\u90fd\u60f3\u5047\u88dd\u53ea\u5f97\u4e00\u5207 \u70ba\u4f60\u7576\u8857\u7684\u51fa\u8d70 \u6709\u8aaa\u5f97\u904e\u53bb", "tokens": [50364, 1654, 7182, 7093, 31706, 44453, 14003, 5916, 2257, 23632, 220, 6344, 2166, 13118, 42529, 1546, 7781, 9575, 21461, 4622, 5916, 36910, 50864], "temperature": 0.0, "avg_logprob": -0.35557037353515625, "compression_ratio": 0.8552631578947368, "no_speech_prob": 0.23732461035251617}, {"id": 12, "seek": 11300, "start": 113.0, "end": 127.0, "text": "Zither Harp", "tokens": [50364, 57, 1839, 3653, 79, 51064], "temperature": 0.0, "avg_logprob": -0.5324061257498605, "compression_ratio": 0.8589743589743589, "no_speech_prob": 0.24126972258090973}, {"id": 13, "seek": 11300, "start": 127.0, "end": 134.0, "text": "\u9019\u4e00\u523b \u4e0d\u5c11\u5fc3\u60f3\u5230\u4f60\u7684\u554f \u96e3\u904e\u4ecd\u7136\u624b\u672c\u5206", "tokens": [51064, 32260, 45500, 19021, 15686, 7945, 7093, 4511, 18961, 11361, 220, 21192, 8816, 1550, 235, 5823, 11389, 8802, 6627, 51414], "temperature": 0.0, "avg_logprob": -0.5324061257498605, "compression_ratio": 0.8589743589743589,